50,staff670,staff
51,staff462,staff
52,staff342,staff
53,staff244,staff
54,staff506,staff
55,staff729,staff
56,staff236,staff
57,staff328,staff
58,staff222,staff
59,staff623,staff
60,staff765,staff
61,staff973,staff
62,staff732,staff
63,staff347,staff
64,staff361,staff
65,staff362,staff
66,staff267,staff
67,staff751,staff
68,staff105,staff
69,staff736,staff
70,staff819,staff
71,staff875,staff
72,staff390,staff
73,staff362,staff
74,staff461,staff
75,staff165,staff
76,staff946,staff
77,staff927,staff
78,staff151,staff
79,staff853,staff
80,staff880,staff
81,staff339,staff
82,staff601,staff
83,staff388,staff
84,staff297,staff
85,staff538,staff
86,staff172,staff
87,staff978,staff
88,staff833,staff
89,staff259,staff
90,staff176,staff
91,staff647,staff
92,staff136,staff
93,staff225,staff
94,staff397,staff
95,staff584,staff
96,staff336,staff
97,staff359,staff
98,staff471,staff
99,staff434,staff
100,student228,student
101,student756,student
102,student627,student
103,student711,student
104,student403,student
105,student940,student
106,student502,student
107,student673,student
108,student953,student
109,student672,student
110,student855,student
111,student722,student
112,student264,student
113,student376,student
114,student668,student
115,student643,student
116,student971,student
117,student681,student
118,student916,student
119,student531,student
120,student652,student
121,student274,student
122,student377,student
123,student354,student
124,student284,student
125,student729,student
126,student123,student
127,student237,student
128,student274,student
129,student243,student
130,student886,student
131,student627,student
132,student765,student
133,student317,student
134,student434,student
135,student849,student
136,student706,student
137,student178,student
138,student176,student
139,student572,student
140,student881,student
141,student902,student
142,student873,student
143,student583,student
144,student620,student
145,student839,student
146,student499,student
147,student820,student
148,student867,student
149,student753,student
150,student238,student
151,student762,student
152,student520,student
153,student190,student
154,student282,student
155,student660,student
156,student410,student
157,student212,student
158,student704,student
159,student557,student
160,student164,student
161,student563,student
162,student499,student
163,student831,student
164,student657,student
165,student914,student
166,student998,student
167,student986,student
168,student708,student
169,student531,student
170,student592,student
171,student175,student
172,student209,student
173,student491,student
174,student530,student
175,student948,student
176,student134,student
177,student313,student
178,student451,student
179,student347,student
180,student747,student
181,student794,student
182,student706,student
183,student319,student
184,student226,student
185,student754,student
186,student791,student
187,student322,student
188,student325,student
189,student453,student
190,student123,student
191,student192,student
192,student814,student
193,student780,student
194,student872,student
195,student177,student
196,student652,student
197,student995,student
198,student396,student
199,student984,student
200,student926,student
201,student327,student
202,student141,student
203,student298,student
204,student753,student
205,student956,student
206,student602,student
207,student384,student
208,student904,student
209,student639,student
210,student144,student
211,student190,student
212,student171,student
213,student503,student
214,student268,student
215,student218,student
216,student958,student
217,student916,student
218,student164,student
219,student186,student
220,student589,student
221,student121,student
222,student438,student
223,student194,student
224,student101,student
225,student891,student
226,student721,student
227,student429,student
228,student374,student
229,student297,student
230,student375,student
231,student544,student
232,student651,student
233,student433,student
234,student334,student
235,student581,student
236,student548,student
237,student390,student
238,student573,student
239,student964,student
240,student286,student
241,student142,student
242,student905,student
243,student241,student
244,student294,student
245,student752,student
246,student406,student
247,student311,student
248,student605,student
249,student657,student
250,student546,student
251,student206,student
252,student111,student
253,student317,student
254,student279,student
255,student281,student
256,student906,student
257,student946,student
258,student904,student
259,student371,student
260,student959,student
261,student882,student
262,student578,student
263,student129,student
264,student748,student
265,student945,student
266,student887,student
267,student187,student
268,student608,student
269,student842,student
270,student704,student
271,student650,student
272,student589,student
273,student727,student
274,student787,student
275,student610,student
276,student725,student
277,student457,student
278,student433,student
279,student716,student
280,student369,student
281,student298,student
282,student350,student
283,student462,student
284,student550,student
285,student191,student
286,student878,student
287,student806,student
288,student144,student
289,student469,student
290,student614,student
291,student178,student
292,student288,student
293,student856,student
294,student680,student
295,student328,student
296,student225,student
297,student531,student
298,student763,student
299,student161,student
300,student348,student
301,student389,student
302,student880,student
303,student453,student
304,student507,student
305,student637,student
306,student594,student
307,student200,student
308,student894,student
309,student768,student
310,student842,student
311,student146,student
312,student864,student
313,student884,student
314,student914,student
315,student477,student
316,student513,student
317,student894,student
318,student995,student
319,student810,student
320,student260,student
321,student865,student
322,student305,student
323,student598,student
324,student160,student
325,student139,student
326,student101,student
327,student142,student
328,student535,student
329,student662,student
330,student211,student
331,student707,student
332,student104,student
333,student977,student
334,student291,student
335,student703,student
336,student231,student
337,student325,student
338,student677,student
339,student203,student
340,student993,student
341,student825,student
342,student843,student
343,student551,student
344,student769,student
345,student686,student
346,student888,student
347,student859,student
348,student669,student
349,student311,student
350,student116,student
351,student730,student
352,student429,student
353,student465,student
354,student116,student
355,student976,student
356,student658,student
357,student718,student
358,student242,student
359,student911,student
360,student943,student
361,student803,student
362,student662,student
363,student118,student
364,student412,student
365,student954,student
366,student194,student
367,student397,student
368,student905,student
369,student280,student
370,student640,student
371,student369,student
372,student232,student
373,student827,student
374,student452,student
375,student555,student
376,student278,student
377,student879,student
378,student397,student
379,student542,student
380,student453,student
381,student615,student
382,student450,student
383,student296,student
384,student319,student
385,student651,student
386,student526,student
387,student186,student
388,student157,student
389,student949,student
390,student683,student
391,student162,student
392,student720,student
393,student286,student
394,student225,student
395,student328,student
396,student293,student
397,student661,student
398,student315,student
399,student964,student
400,student664,student
401,student267,student
402,student615,student
403,student210,student
404,student961,student
405,student267,student
406,student374,student
407,student615,student
408,student804,student
409,student138,student
410,student133,student
411,student858,student
412,student289,student
413,student300,student
414,student985,student
415,student170,student
416,student673,student
417,student118,student
418,student306,student
419,student911,student
420,student526,student
421,student541,student
422,student611,student
423,student103,student
424,student512,student
425,student146,student
426,student528,student
427,student626,student
428,student390,student
429,student829,student
430,student126,student
431,student492,student
432,student311,student
433,student423,student
434,student947,student
435,student165,student
436,student213,student
437,student790,student
438,student129,student
439,student572,student
440,student470,student
441,student210,student
442,student318,student
443,student701,student
444,student807,student
445,student854,student
446,student258,student
447,student587,student
448,student239,student
449,student223,student
450,student302,student
451,student619,student
452,student874,student
453,student488,student
454,student513,student
455,student629,student
456,student632,student
457,student842,student
458,student177,student
459,student678,student
460,student612,student
461,student521,student
462,student960,student
463,student485,student
464,student177,student
465,student166,student
466,student744,student
467,student505,student
468,student613,student
469,student606,student
470,student277,student
471,student824,student
472,student264,student
473,student407,student
474,student901,student
475,student324,student
476,student380,student
477,student594,student
478,student174,student
479,student132,student
480,student326,student
481,student260,student
482,student917,student
483,student292,student
484,student981,student
485,student187,student
486,student991,student
487,student685,student
488,student324,student
489,student830,student
490,student448,student
491,student715,student
492,student832,student
493,student488,student
494,student407,student
495,student382,student
496,student320,student
497,student762,student
498,student247,student
499,student204,student
500,student603,student
501,student729,student
502,student186,student
503,student383,student
504,student582,student
505,student374,student
506,student727,student
507,student728,student
508,student441,student
509,student441,student
510,student546,student
511,student512,student
512,student309,student
513,student236,student
514,student924,student
515,student762,student
516,student483,student
517,student305,student
518,student949,student
519,student333,student
520,student253,student
521,student935,student
522,student294,student
523,student234,student
524,student594,student
525,student672,student
526,student149,student
527,student997,student
528,student907,student
529,student304,student
530,student256,student
531,student736,student
532,student437,student
533,student974,student
534,student800,student
535,student372,student
536,student321,student
537,student771,student
538,student639,student
539,student891,student
540,student140,student
541,student472,student
542,student978,student
543,student680,student
544,student750,student
545,student763,student
546,student776,student
547,student586,student
548,student539,student
549,student125,student
550,student101,student
551,student375,student
552,student571,student
553,student568,student
554,student902,student
555,student162,student
556,student966,student
557,student414,student
558,student668,student
559,student228,student
560,student541,student
561,student445,student
562,student874,student
563,student853,student
564,student991,student
565,student578,student
566,student248,student
567,student787,student
568,student777,student
569,student535,student
570,student145,student
571,student477,student
572,student566,student
573,student293,student
574,student668,student
575,student544,student
576,student187,student
577,student548,student
578,student948,student
579,student428,student
580,student348,student
581,student642,student
582,student844,student
583,student887,student
584,student399,student
585,student642,student
586,student448,student
587,student832,student
588,student908,student
589,student914,student
590,student393,student
591,student386,student
592,student160,student
593,student151,student
594,student922,student
595,student785,student
596,student348,student
597,student280,student
598,student749,student
599,student911,student
600,student385,student
601,student167,student
602,student729,student
603,student389,student
604,student112,student
605,student102,student
606,student164,student
607,student322,student
608,student419,student
609,student913,student
610,student274,student
611,student893,student
612,student655,student
613,student351,student
614,student961,student
615,student906,student
616,student992,student
617,student128,student
618,student203,student
619,student721,student
620,student291,student
621,student500,student
622,student635,student
623,student593,student
624,student386,student
625,student302,student
626,student257,student
627,student112,student
628,student287,student
629,student921,student
630,student269,student
631,student189,student
632,student562,student
633,student679,student
634,student921,student
635,student710,student
636,student317,student
637,student173,student
638,student131,student
639,student497,student
640,student968,student
641,student700,student
642,student120,student
643,student555,student
644,student299,student
645,student366,student
646,student988,student
647,student624,student
648,student423,student
649,student223,student
650,student851,student
651,student904,student
652,student119,student
653,student243,student
654,student545,student
655,student796,student
656,student854,student
657,student709,student
658,student960,student
659,student567,student
660,student651,student
661,student807,student
662,student864,student
663,student954,student
664,student596,student
665,student474,student
666,student709,student
667,student979,student
668,student129,student
669,student117,student
670,student271,student
671,student110,student
672,student244,student
673,student912,student
674,student450,student
675,student943,student
676,student658,student
677,student443,student
678,student603,student
679,student242,student
680,student938,student
681,student349,student
682,student244,student
683,student368,student
684,student411,student
685,student581,student
686,student563,student
687,student756,student
688,student177,student
689,student795,student
690,student642,student
691,student710,student
692,student931,student
693,student392,student
694,student875,student
695,student818,student
696,student937,student
697,student495,student
698,student420,student
699,student556,student
700,student664,student
701,student178,student
702,student657,student
703,student147,student
704,student271,student
705,student634,student
706,student828,student
707,student919,student
708,student430,student
709,student734,student
710,student687,student
711,student423,student
712,student646,student
713,student863,student
714,student274,student
715,student640,student
716,student680,student
717,student193,student
718,student395,student
719,student752,student
720,student597,student
721,student776,student
722,student809,student
723,student934,student
724,student510,student
725,student325,student
726,student222,student
727,student405,student
728,student933,student
729,student997,student
730,student827,student
731,student425,student
732,student180,student
733,student504,student
734,student524,student
735,student778,student
736,student131,student
737,student897,student
738,student511,student
739,student716,student
740,student113,student
741,student736,student
742,student705,student
743,student311,student
744,student566,student
745,student301,student
746,student784,student
747,student379,student
748,student779,student
749,student282,student
750,student979,student
751,student852,student
752,student678,student
753,student207,student
754,student142,student
755,student336,student
756,student739,student
757,student512,student
758,student331,student
759,student765,student
760,student469,student
761,student288,student
762,student439,student
763,student587,student
764,student442,student
765,student646,student
766,student363,student
767,student977,student
768,student156,student
769,student721,student
770,student782,student
771,student766,student
772,student421,student
773,student380,student
774,student858,student
775,student750,student
776,student515,student
777,student234,student
778,student790,student
779,student176,student
780,student740,student
781,student303,student
782,student979,student
783,student111,student
784,student775,student
785,student640,student
786,student145,student
787,student324,student
788,student259,student
789,student642,student
790,student971,student
791,student812,student
792,student550,student
793,student396,student
794,student312,student
795,student687,student
796,student610,student
797,student634,student
798,student583,student
799,student998,student
800,student252,student
801,student192,student
802,student970,student
803,student288,student
804,student500,student
805,student116,student
806,student454,student
807,student563,student
808,student455,student
809,student156,student
810,student251,student
811,student926,student
812,student977,student
813,student902,student
814,student864,student
815,student631,student
816,student154,student
817,student236,student
818,student205,student
819,student992,student
820,student268,student
821,student839,student
822,student730,student
823,student654,student
824,student589,student
825,student307,student
826,student640,student
827,student730,student
828,student709,student
829,student490,student
830,student770,student
831,student942,student
832,student861,student
833,student228,student
834,student314,student
835,student570,student
836,student882,student
837,student429,student
838,student154,student
839,student737,student
840,student577,student
841,student884,student
842,student141,student
843,student704,student
844,student587,student
845,student105,student
846,student623,student
847,student742,student
848,student579,student
849,student595,student
850,student514,student
851,student622,student
852,student326,student
853,student166,student
854,student682,student
855,student447,student
856,student937,student
857,student625,student
858,student374,student
859,student538,student
860,student732,student
861,student404,student
862,student913,student
863,student361,student
864,student752,student
865,student378,student
866,student711,student
867,student803,student
868,student831,student
869,student354,student
870,student431,student
871,student762,student
872,student550,student
873,student693,student
874,student376,student
875,student506,student
876,student513,student
877,student313,student
878,student555,student
879,student253,student
880,student655,student
881,student134,student
882,student712,student
883,student567,student
884,student506,student
885,student656,student
886,student912,student
887,student632,student
888,student319,student
889,student305,student
890,student314,student
891,student191,student
892,student322,student
893,student258,student
894,student535,student
895,student269,student
896,student166,student
897,student503,student
898,student909,student
899,student418,student
900,student432,student
901,student830,student
902,student310,student
903,student179,student
904,student192,student
905,student855,student
906,student536,student
907,student408,student
908,student307,student
909,student444,student
910,student203,student
911,student222,student
912,student245,student
913,student587,student
914,student987,student
915,student650,student
916,student388,student
917,student203,student
918,student226,student
919,student408,student
920,student311,student
921,student308,student
922,student232,student
923,student108,student
924,student379,student
925,student711,student
926,student678,student
927,student784,student
928,student773,student
929,student496,student
930,student583,student
931,student269,student
932,student678,student
933,student747,student
934,student420,student
935,student387,student
936,student228,student
937,student324,student
938,student247,student
939,student983,student
940,student649,student
941,student689,student
942,student364,student
943,student395,student
944,student125,student
945,student956,student
946,student697,student
947,student844,student
948,student789,student
949,student872,student
950,student409,student
951,student281,student
952,student220,student
953,student224,student
954,student368,student
955,student316,student
956,student754,student
957,student921,student
958,student207,student
959,student275,student
960,student188,student
961,student284,student
962,student356,student
963,student419,student
964,student191,student
965,student527,student
966,student919,student
967,student852,student
968,student856,student
969,student716,student
970,student562,student
971,student531,student
972,student375,student
973,student513,student
974,student535,student
975,student164,student
976,student930,student
977,student976,student
978,student350,student
979,student680,student
980,student550,student
981,student675,student
982,student183,student
983,student150,student
984,student819,student
985,student929,student
986,student558,student
987,student253,student
988,student768,student
989,student547,student
990,student360,student
991,student943,student
992,student405,student
993,student566,student
994,student909,student
995,student377,student
996,student740,student
997,student203,student
998,student144,student
999,student975,student
